,metrics,Decision Tree,Random Forest,XGBoost,LightGBM
0,accuracy,0.9850299401197605,0.9880239520958084,0.9850299401197605,0.9850299401197605
1,precision,0.9851353774430698,0.9880235226620768,0.9850636542944236,0.9850636542944236
2,recall,0.985083189902467,0.9880235226620768,0.9850114744693058,0.9850114744693058
3,f1_score,0.9850298059253283,0.9880235226620768,0.9850287322832528,0.9850287322832528
4,confusion,"[[165   1]
 [  4 164]]","[[164   2]
 [  2 166]]","[[163   3]
 [  2 166]]","[[163   3]
 [  2 166]]"
