,Model,TPR,TNR,FPR,FNR
0,Decision Tree,0.9761904761904762,0.9939759036144579,0.006024096385542169,0.023809523809523808
1,Random Forest,0.9880952380952381,0.9879518072289156,0.012048192771084338,0.011904761904761904
2,XGBoost,0.9880952380952381,0.9819277108433735,0.018072289156626505,0.011904761904761904
3,LightGBM,0.9880952380952381,0.9819277108433735,0.018072289156626505,0.011904761904761904
